{"cameraMode":{"drawMode":0,"name":"Shaded","section":"Shading Mode"},"sceneLighting":true,"audioPlay":false,"sceneViewState":{"m_AlwaysRefresh":false,"showFog":true,"showSkybox":true,"showFlares":true,"showImageEffects":true,"showParticleSystems":true,"showVisualEffectGraphs":true,"m_FxEnabled":true},"in2DMode":false,"pivot":{"x":1.870434284210205,"y":1.8372039794921876,"z":-2.0359086990356447},"rotation":{"x":-0.33803895115852358,"y":0.12985949218273164,"z":-0.047151967883110049,"w":-0.930944561958313},"size":3.9993913173675539,"orthographic":false}